lat,lon,east_m,north_m
10.8533093800,106.7715189950,0.634,5.790
10.8532914492,106.7715170220,0.418,3.807
10.8532735863,106.7715144830,0.141,1.831
10.8532558520,106.7715121203,-0.118,-0.131
10.8532379367,106.7715101849,-0.329,-2.112
10.8532199777,106.7715085781,-0.505,-4.099
10.8532020168,106.7715069553,-0.682,-6.086
10.8531841962,106.7715043049,-0.972,-8.057
10.8531663137,106.7715021429,-1.209,-10.035
10.8531483990,106.7715001186,-1.430,-12.017
10.8531304682,106.7714980289,-1.658,-14.000
10.8531125953,106.7714958052,-1.902,-15.977
10.8530947332,106.7714931883,-2.188,-17.953
10.8530768787,106.7714908698,-2.441,-19.928
10.8530589231,106.7714893697,-2.605,-21.914
10.8530410567,106.7714874096,-2.820,-23.890
10.8530231781,106.7714852357,-3.057,-25.868
10.8530053595,106.7714825862,-3.347,-27.839
10.8529875925,106.7714798365,-3.648,-29.804
10.8529698497,106.7714786900,-3.773,-31.767
10.8529520546,106.7714769064,-3.968,-33.735
10.8529341415,106.7714753833,-4.135,-35.716
10.8529161981,106.7714734218,-4.349,-37.701
10.8528984017,106.7714705548,-4.663,-39.670
10.8528806310,106.7714678778,-4.955,-41.636
10.8528627114,106.7714659906,-5.162,-43.618
10.8528447573,106.7714640342,-5.376,-45.604
10.8528268176,106.7714620381,-5.594,-47.588
10.8528089160,106.7714598990,-5.828,-49.568
10.8527910869,106.7714573333,-6.108,-51.540
10.8527731958,106.7714550687,-6.356,-53.519
10.8527553072,106.7714527347,-6.611,-55.498
10.8527373510,106.7714508253,-6.820,-57.484
10.8527194056,106.7714488061,-7.041,-59.469
10.8527013740,106.7714476220,-7.170,-61.464
10.8526833797,106.7714460333,-7.344,-63.454
10.8526653755,106.7714447122,-7.488,-65.446
10.8526475422,106.7714421891,-7.764,-67.419
10.8526298846,106.7714390591,-8.106,-69.372
10.8526119726,106.7714370755,-8.323,-71.353
10.8525939980,106.7714354339,-8.503,-73.341
10.8525760260,106.7714336453,-8.698,-75.329
10.8525580825,106.7714318504,-8.895,-77.314
10.8525401871,106.7714297243,-9.127,-79.294
10.8525222344,106.7714276585,-9.353,-81.279
10.8525042761,106.7714256793,-9.569,-83.266
10.8524863955,106.7714234872,-9.809,-85.244
10.8524684571,106.7714217928,-9.994,-87.228
10.8524506603,106.7714190303,-10.296,-89.196
10.8524326772,106.7714174561,-10.469,-91.186
10.8524147119,106.7714157599,-10.654,-93.173
10.8523967923,106.7714136737,-10.882,-95.155
10.8523788188,106.7714118132,-11.086,-97.143
10.8523609003,106.7714095188,-11.336,-99.125
10.8523429677,106.7714074306,-11.565,-101.109
10.8523250455,106.7714054924,-11.777,-103.091
10.8523072355,106.7714033600,-12.010,-105.061
10.8522895191,106.7713999924,-12.378,-107.021
10.8522716280,106.7713976078,-12.639,-109.000
10.8522537442,106.7713951200,-12.911,-110.978
10.8522358036,106.7713932060,-13.120,-112.963
10.8522178192,106.7713917500,-13.279,-114.952
10.8521998416,106.7713903197,-13.436,-116.941
10.8521818491,106.7713891828,-13.560,-118.931
10.8521638915,106.7713874038,-13.755,-120.917
10.8521460153,106.7713848750,-14.031,-122.895
10.8521281624,106.7713820898,-14.336,-124.869
10.8521103245,106.7713793414,-14.636,-126.843
10.8520923969,106.7713774537,-14.842,-128.826
10.8520744453,106.7713758573,-15.017,-130.811
10.8520565092,106.7713746734,-15.146,-132.795
10.8520385524,106.7713727895,-15.352,-134.782
10.8520205868,106.7713708404,-15.566,-136.769
10.8520025943,106.7713691863,-15.746,-138.759
10.8519846957,106.7713668522,-16.002,-140.739
10.8519667284,106.7713649800,-16.206,-142.726
10.8519487599,106.7713630733,-16.415,-144.714
10.8519308275,106.7713608732,-16.655,-146.697
10.8519129287,106.7713584467,-16.921,-148.677
10.8518949943,106.7713563110,-17.154,-150.661
10.8518770286,106.7713545263,-17.349,-152.648
10.8518590615,106.7713526329,-17.556,-154.636
10.8518411255,106.7713504906,-17.791,-156.620
10.8518231718,106.7713484095,-18.018,-158.606
10.8518051623,106.7713468768,-18.186,-160.598
10.8517872155,106.7713447360,-18.420,-162.583
10.8517692802,106.7713424830,-18.666,-164.567
10.8517513557,106.7713402171,-18.914,-166.550
10.8517334929,106.7713386626,-19.084,-168.526
10.8517155246,106.7713368179,-19.286,-170.513
10.8516975848,106.7713346559,-19.522,-172.498
10.8516796208,106.7713326941,-19.737,-174.485
10.8516616670,106.7713306656,-19.958,-176.471
10.8516437217,106.7713285092,-20.194,-178.456
10.8516258221,106.7713260521,-20.463,-180.436
10.8516078402,106.7713244670,-20.636,-182.425
10.8515898799,106.7713225654,-20.844,-184.411
10.8515719213,106.7713205784,-21.061,-186.398
10.8515539442,106.7713188464,-21.251,-188.386
10.8515359901,106.7713168262,-21.472,-190.372
10.8515180066,106.7713150090,-21.670,-192.361
10.8514999643,106.7713147188,-21.702,-194.357
10.8514821997,106.7713178038,-21.365,-196.322
10.8514655051,106.7713246999,-20.611,-198.169
10.8514509514,106.7713354507,-19.435,-199.779
10.8514401656,106.7713500426,-17.840,-200.972
10.8514329708,106.7713668000,-16.007,-201.768
10.8514276136,106.7713842597,-14.098,-202.360
10.8514230126,106.7714019459,-12.164,-202.869
10.8514183946,106.7714196202,-10.232,-203.380
10.8514147303,106.7714375236,-8.274,-203.785
10.8514111320,106.7714554427,-6.315,-204.183
10.8514076429,106.7714733796,-4.354,-204.569
10.8514034817,106.7714911426,-2.411,-205.030
10.8513990114,106.7715087861,-0.482,-205.524
10.8513940302,106.7715263486,1.438,-206.075
10.8513890565,106.7715439269,3.360,-206.625
10.8513836565,106.7715613690,5.267,-207.223
10.8513787498,106.7715789624,7.191,-207.765
10.8513731950,106.7715963407,9.091,-208.380
10.8513688202,106.7716140776,11.031,-208.864
10.8513642828,106.7716317602,12.964,-209.366
10.8513597446,106.7716494520,14.899,-209.868
10.8513550436,106.7716671031,16.829,-210.388
10.8513504017,106.7716847625,18.759,-210.901
10.8513453971,106.7717023293,20.680,-211.455
10.8513407479,106.7717199893,22.611,-211.969
10.8513362037,106.7717376661,24.544,-212.471
10.8513317341,106.7717553763,26.481,-212.966
10.8513267268,106.7717729338,28.400,-213.520
10.8513223755,106.7717906744,30.340,-214.001
10.8513188078,106.7718085947,32.300,-214.396
10.8513154887,106.7718265571,34.264,-214.763
10.8513131415,106.7718446662,36.244,-215.022
10.8513103975,106.7718627408,38.220,-215.326
10.8513080916,106.7718808725,40.203,-215.581
10.8513058104,106.7718990129,42.186,-215.833
10.8513035423,106.7719171529,44.170,-216.084
10.8513015541,106.7719353239,46.157,-216.304
10.8512994011,106.7719534792,48.142,-216.542
10.8512972034,106.7719716290,50.126,-216.785
10.8512948334,106.7719897569,52.108,-217.048
10.8512922475,106.7720078216,54.084,-217.334
10.8512904175,106.7720259770,56.069,-217.536
10.8512881610,106.7720440961,58.050,-217.786
10.8512861736,106.7720622585,60.036,-218.005
10.8512842262,106.7720804282,62.023,-218.221
10.8512827774,106.7720986509,64.015,-218.381
10.8512809039,106.7721168262,66.003,-218.588
10.8512790791,106.7721350086,67.991,-218.790
10.8512771469,106.7721531819,69.978,-219.004
10.8512753007,106.7721713664,71.966,-219.208
10.8512728955,106.7721894508,73.943,-219.474
10.8512712051,106.7722075371,75.921,-219.661
10.8512687241,106.7722256440,77.901,-219.936
10.8512665893,106.7722437897,79.885,-220.172
10.8512646034,106.7722619580,81.872,-220.391
10.8512627226,106.7722801446,83.860,-220.599
10.8512606479,106.7722982945,85.845,-220.829
10.8512590312,106.7723164849,87.834,-221.008
10.8512569778,106.7723346313,89.818,-221.235
10.8512545755,106.7723527355,91.797,-221.501
10.8512522416,106.7723708392,93.777,-221.759
10.8512499267,106.7723889428,95.756,-222.015
10.8512475851,106.7724070668,97.738,-222.274
10.8512454350,106.7724252126,99.722,-222.512
10.8512436955,106.7724433927,101.710,-222.704
10.8512421916,106.7724616107,103.702,-222.870
10.8512406456,106.7724798241,105.694,-223.041
10.8512389144,106.7724980123,107.682,-223.233
10.8512368559,106.7725161670,109.668,-223.461
10.8512347096,106.7725343190,111.652,-223.698
10.8512326113,106.7725524695,113.637,-223.930
10.8512303094,106.7725706004,115.619,-224.185
10.8512275099,106.7725886536,117.593,-224.494
10.8512254381,106.7726067906,119.577,-224.724
10.8512259873,106.7726250158,121.569,-224.663
10.8512308676,106.7726425488,123.486,-224.123
10.8512401105,106.7726582216,125.200,-223.101
10.8512519362,106.7726719555,126.702,-221.792
10.8512671089,106.7726817473,127.773,-220.114
10.8512841507,106.7726877105,128.425,-218.229
10.8513017134,106.7726919428,128.887,-216.286
10.8513195700,106.7726946122,129.179,-214.311
10.8513375714,106.7726960613,129.338,-212.320
10.8513555200,106.7726981714,129.568,-210.335
10.8513734252,106.7727006173,129.836,-208.354
10.8513913185,106.7727029394,130.090,-206.375
10.8514093097,106.7727045736,130.268,-204.385
10.8514272673,106.7727064207,130.470,-202.398
10.8514452381,106.7727081814,130.663,-200.410
10.8514631729,106.7727101536,130.878,-198.427
10.8514811518,106.7727117946,131.058,-196.438
10.8514990865,106.7727139744,131.296,-194.454
10.8515170327,106.7727160022,131.518,-192.469
10.8515349506,106.7727181791,131.756,-190.487
10.8515529156,106.7727200066,131.956,-188.500
10.8515707815,106.7727226309,132.243,-186.524
10.8515886363,106.7727254909,132.555,-184.549
10.8516065961,106.7727275180,132.777,-182.562
10.8516246040,106.7727290829,132.948,-180.570
10.8516424648,106.7727316834,133.233,-178.594
10.8516604211,106.7727337186,133.455,-176.608
10.8516783853,106.7727356995,133.672,-174.621
10.8516963469,106.7727376119,133.881,-172.634
10.8517142777,106.7727398493,134.125,-170.651
10.8517322024,106.7727421610,134.378,-168.668
10.8517500712,106.7727448782,134.675,-166.691
10.8517680293,106.7727468700,134.893,-164.705
10.8517860415,106.7727483667,135.057,-162.713
10.8518040187,106.7727501754,135.254,-160.724
10.8518219449,106.7727524419,135.502,-158.741
10.8518398703,106.7727547147,135.751,-156.758
10.8518578025,106.7727569014,135.990,-154.775
10.8518757956,106.7727585279,136.168,-152.785
10.8518937825,106.7727603234,136.364,-150.795
10.8519117851,106.7727619465,136.541,-148.804
10.8519296488,106.7727647089,136.843,-146.828
10.8519475782,106.7727670114,137.095,-144.844
10.8519655004,106.7727693598,137.352,-142.862
10.8519834544,106.7727714410,137.580,-140.876
10.8520013942,106.7727736733,137.824,-138.892
10.8520193267,106.7727757998,138.056,-136.908
10.8520372726,106.7727779321,138.289,-134.923
10.8520551812,106.7727803141,138.550,-132.942
10.8520730604,106.7727829189,138.835,-130.964
10.8520908841,106.7727856737,139.136,-128.993
10.8521088426,106.7727876653,139.354,-127.006
10.8521268457,106.7727890846,139.509,-125.015
10.8521447986,106.7727909809,139.716,-123.029
10.8521627490,106.7727929549,139.932,-121.043
10.8521806537,106.7727953069,140.189,-119.063
10.8521985299,106.7727979739,140.481,-117.085
10.8522164614,106.7728002234,140.727,-115.102
10.8522343900,106.7728021938,140.942,-113.119
10.8522523709,106.7728037617,141.113,-111.130
10.8522703110,106.7728055337,141.307,-109.145
10.8522882431,106.7728075426,141.527,-107.162
10.8523062102,106.7728093965,141.730,-105.174
10.8523241674,106.7728111468,141.921,-103.188
10.8523420666,106.7728134524,142.173,-101.208
10.8523600554,106.7728150494,142.348,-99.218
10.8523779661,106.7728173025,142.594,-97.237
10.8523959217,106.7728193486,142.818,-95.251
10.8524137860,106.7728220505,143.113,-93.275
10.8524317379,106.7728240654,143.333,-91.289
10.8524497047,106.7728259756,143.542,-89.302
10.8524676969,106.7728276272,143.723,-87.312
10.8524856725,106.7728294698,143.924,-85.323
10.8525036621,106.7728312177,144.115,-83.333
10.8525216297,106.7728331881,144.331,-81.346
10.8525396029,106.7728351475,144.545,-79.358
10.8525575290,106.7728374948,144.802,-77.375
10.8525754375,106.7728399636,145.072,-75.394
10.8525933366,106.7728424736,145.346,-73.414
10.8526112620,106.7728447839,145.599,-71.431
10.8526292001,106.7728469193,145.832,-69.447
10.8526471818,106.7728486058,146.017,-67.458
10.8526651035,106.7728508540,146.262,-65.476
10.8526830663,106.7728528033,146.476,-63.489
10.8527010477,106.7728544563,146.656,-61.500
10.8527190531,106.7728560038,146.826,-59.508
10.8527370162,106.7728580194,147.046,-57.521
10.8527549956,106.7728598727,147.249,-55.532
10.8527729738,106.7728617316,147.452,-53.544
10.8527908421,106.7728644781,147.752,-51.567
10.8528086938,106.7728673639,148.068,-49.592
10.8528265281,106.7728703356,148.393,-47.620
10.8528445312,106.7728718737,148.561,-45.628
10.8528625514,106.7728733150,148.718,-43.635
10.8528805581,106.7728749250,148.894,-41.643
10.8528985680,106.7728764088,149.057,-39.651
10.8529165774,106.7728776732,149.195,-37.659
10.8529346139,106.7728787547,149.313,-35.664
10.8529525341,106.7728810010,149.559,-33.682
10.8529704635,106.7728832513,149.805,-31.698
10.8529883167,106.7728860495,150.111,-29.724
10.8530061673,106.7728888024,150.412,-27.749
10.8530240503,106.7728914507,150.701,-25.771
